Pressure,Temperature,Humidity,Cloud,Sunshine,WindSpeed,Rainfall
1012.9,29.1,69,18,6.2,6,2
1007,11.2,80,81.25,2.36,3.1,3
1016,22.651276,75.416664,25.208334,9.78,12.165891,0
